<?xml version="1.0" encoding="UTF-8"?>
<!DOCTYPE mapper
    PUBLIC "-//mybatis.org//DTD Mapper 3.0//EN"
    "http://mybatis.org/dtd/mybatis-3-mapper.dtd">
<!--  
 * Application java
 * @Author : Youngho Jo
 -->	
<mapper namespace="board">

	<select id="getBoardList" resultType="com.worksmobile.openhome.model.Board">

		SELECT 
			boardOrderNum, boardTitle, boardNum
		FROM 
			board
		ORDER BY
			boardOrderNum
	</select>

	
	<delete id="removeBoard" parameterType="com.worksmobile.openhome.model.Board">
		DELETE
		FROM 
			board
		WHERE 
			boardNum = #{boardNum}
	</delete>	
	
	<insert id="createNewBoard" parameterType="com.worksmobile.openhome.model.Board">
		INSERT
		INTO
			board(boardTitle, boardDate, managerNum, boardOrderNum)
		VALUES 
			(#{boardTitle}, now(), 1, (SELECT MAX(boardOrderNum)+1 FROM board as BON) )
	</insert>	
	
	<update id="updateBoardOrders" parameterType="com.worksmobile.openhome.model.Board">
		UPDATE
			board
		SET
			boardOrderNum = #{boardOrderNum}
		WHERE 
			boardNum = #{boardNum}
	</update>		
	
	<update id="updateBoardTitles" parameterType="com.worksmobile.openhome.model.Board">
		UPDATE
			board
		SET
			boardTitle = #{boardTitle}
		WHERE 
			boardNum = #{boardNum}
	</update>	
</mapper>